,1. open,2. high,3. low,4. close,5. volume,absolute_range,relative_range_pct
2025-10-20,255.885,264.375,255.63,262.24,90483029.0,8.745000000000005,3.3347315436241627
2025-10-21,261.88,265.29,261.83,262.77,46695948.0,3.4600000000000364,1.3167408760513135
2025-10-22,262.65,262.85,255.43,258.45,45015254.0,7.420000000000016,2.870961501257503
2025-10-23,259.94,260.62,258.0101,259.58,32754941.0,2.609899999999982,1.0054318514523393
2025-10-24,261.19,264.13,259.18,262.82,38253717.0,4.949999999999989,1.8834183091088914
2025-10-27,264.88,269.12,264.6501,268.81,44888152.0,4.4698999999999955,1.6628473643093618
2025-10-28,268.985,269.89,268.15,269.0,41534759.0,1.740000000000009,0.6468401486988881
2025-10-29,269.275,271.41,267.11,269.7,51086742.0,4.300000000000011,1.5943641082684508
2025-10-30,271.99,274.14,268.48,271.4,69886534.0,5.659999999999968,2.085482682387608
2025-10-31,276.99,277.32,269.16,270.37,86167123.0,8.159999999999968,3.0180863261456405
2025-11-03,270.42,270.85,266.25,269.05,50194583.0,4.600000000000023,1.709719383014318
2025-11-04,268.325,271.486,267.615,270.04,49274846.0,3.870999999999981,1.4334913346170866
2025-11-05,268.61,271.7,266.93,270.14,42586288.0,4.769999999999982,1.7657510920263502
2025-11-06,267.89,273.4,267.89,269.77,51204045.0,5.509999999999991,2.0424806316491795
2025-11-07,269.795,272.29,266.77,268.47,48227365.0,5.520000000000039,2.0560956531456167
2025-11-10,268.96,273.73,267.455,269.43,41312412.0,6.275000000000034,2.3289908324982496
2025-11-11,269.81,275.91,269.8,275.25,46208318.0,6.110000000000014,2.2198001816530475
2025-11-12,275.0,275.73,271.7,273.47,48397982.0,4.03000000000003,1.473653417193853
2025-11-13,274.11,276.699,272.09,272.95,49602794.0,4.609000000000037,1.6885876534163906
2025-11-14,271.05,275.96,269.6,272.41,47431331.0,6.359999999999957,2.334716053008317
2025-11-17,268.815,270.49,265.73,267.46,45018260.0,4.759999999999991,1.7797053765048947
2025-11-18,269.99,270.71,265.32,267.44,45677278.0,5.389999999999986,2.0154053245587744
2025-11-19,265.525,272.21,265.5,268.56,40424492.0,6.7099999999999795,2.498510574918074
2025-11-20,270.83,275.43,265.92,266.25,45823568.0,9.509999999999991,3.5718309859154895
2025-11-21,265.95,273.33,265.67,271.49,59030832.0,7.659999999999968,2.821466720689516
2025-11-24,270.9,277.0,270.9,275.92,65585796.0,6.100000000000023,2.210785734995659
2025-11-25,275.27,280.38,275.25,276.97,46914220.0,5.1299999999999955,1.852186157345559
2025-11-26,276.96,279.53,276.63,277.55,33431423.0,2.8999999999999773,1.0448567825616923
2025-11-28,277.26,279.0,275.9865,278.85,20135620.0,3.013500000000022,1.0806885422270116
2025-12-01,278.01,283.42,276.14,283.1,46587722.0,7.28000000000003,2.571529494878145
2025-12-02,283.0,287.4,282.6301,286.19,53669532.0,4.76989999999995,1.6666899612145605
2025-12-03,286.2,288.62,283.3,284.15,43538687.0,5.319999999999993,1.8722505718810467
2025-12-04,284.095,284.73,278.59,280.7,43989056.0,6.140000000000043,2.1873886711792103
2025-12-05,280.54,281.14,278.05,278.78,47265845.0,3.089999999999975,1.1084008895903492
2025-12-08,278.13,279.6693,276.15,277.89,36406317.0,3.519300000000044,1.2664363597106927
2025-12-09,278.16,280.03,276.92,277.18,31753410.0,3.109999999999957,1.1220145753661723
2025-12-10,277.75,279.75,276.44,278.78,33038318.0,3.3100000000000023,1.1873161632828764
2025-12-11,279.095,279.59,273.81,278.03,33247986.0,5.779999999999973,2.07891234758838
2025-12-12,277.9,279.22,276.82,278.28,39532887.0,2.400000000000034,0.8624407072013923
2025-12-15,280.15,280.15,272.84,274.11,50409078.0,7.310000000000002,2.666812593484368
2025-12-16,272.82,275.5,271.79,274.61,37648628.0,3.7099999999999795,1.3510068824878845
2025-12-17,275.01,276.16,271.64,271.84,50138743.0,4.520000000000039,1.6627427898764122
2025-12-18,273.605,273.63,266.95,272.19,51630721.0,6.680000000000007,2.454168044380766
2025-12-19,272.145,274.6,269.9,273.67,144632048.0,4.7000000000000455,1.717396864837229
2025-12-22,272.86,273.88,270.505,270.97,36571827.0,3.375,1.2455253349079232
2025-12-23,270.84,272.5,269.56,272.36,29641999.0,2.9399999999999977,1.0794536642678798
2025-12-24,272.34,275.43,272.195,273.81,17910574.0,3.2350000000000136,1.1814762061283421
2025-12-26,274.16,275.37,272.86,273.4,21521802.0,2.509999999999991,0.9180687637161635
2025-12-29,272.69,274.36,272.35,273.76,23715213.0,2.009999999999991,0.7342197545295116
2025-12-30,272.81,274.08,272.28,273.08,22139617.0,1.8000000000000114,0.6591475025633556
2025-12-31,273.06,273.68,271.75,271.86,27293639.0,1.9300000000000068,0.7099242257044092
2026-01-02,272.255,277.84,269.0,271.01,37838054.0,8.839999999999975,3.2618722556363147
2026-01-05,270.64,271.51,266.14,267.26,45647190.0,5.3700000000000045,2.009279353438601
2026-01-06,267.0,267.55,262.12,262.36,52352090.0,5.430000000000007,2.0696752553742974
2026-01-07,263.2,263.68,259.81,260.33,48309804.0,3.8700000000000045,1.4865747320708351
2026-01-08,257.02,259.29,255.7,259.04,50419337.0,3.590000000000032,1.3858863495985296
2026-01-09,259.075,260.21,256.22,259.37,39996967.0,3.9899999999999523,1.5383429078150719
2026-01-12,259.16,261.3,256.8,260.25,45263767.0,4.5,1.729106628242075
2026-01-13,258.72,261.81,258.39,261.05,45730847.0,3.420000000000016,1.3100938517525438
2026-01-14,259.49,261.82,256.71,259.96,40019421.0,5.110000000000014,1.965687028773663
2026-01-15,260.65,261.04,257.05,258.21,39388564.0,3.990000000000009,1.5452538631346615
2026-01-16,257.9,258.9,254.93,255.53,72142773.0,3.9699999999999704,1.5536336242319768
2026-01-20,252.73,254.79,243.42,246.7,77280987.0,11.370000000000005,4.608836643696799
2026-01-21,248.7,251.56,245.18,247.65,54641725.0,6.3799999999999955,2.576216434484149
2026-01-22,249.2,251.0,248.15,248.35,39708340.0,2.8499999999999943,1.147573988322929
2026-01-23,247.32,249.41,244.68,248.04,41688982.0,4.72999999999999,1.9069504918561482
2026-01-26,251.48,256.56,249.8,255.41,55969234.0,6.759999999999991,2.6467248737324267
2026-01-27,259.17,261.95,258.21,258.27,48787855.0,3.740000000000009,1.4480969528013354
2026-01-28,257.65,258.855,254.51,256.44,41287971.0,4.345000000000027,1.6943534549992307
2026-01-29,258.0,259.65,254.41,258.28,67253009.0,5.239999999999981,2.0288059470342192
2026-01-30,255.165,261.8999,252.18,259.48,92443408.0,9.719899999999996,3.745914906736548
2026-02-02,260.03,270.49,259.205,270.01,73913425.0,11.285000000000025,4.179474834265407
2026-02-03,269.2,271.875,267.61,269.48,63799388.0,4.264999999999986,1.5826777497402351
2026-02-04,272.285,278.95,272.285,276.49,90545710.0,6.664999999999964,2.410575427682724
2026-02-05,278.13,279.5,273.23,275.91,52977441.0,6.269999999999982,2.272480156572789
2026-02-06,277.12,280.905,276.925,278.12,50453414.0,3.9799999999999613,1.4310369624622326
2026-02-09,277.905,278.2,271.7,274.62,44623396.0,6.5,2.3669069987619253
2026-02-10,274.885,275.37,272.94,273.68,34376898.0,2.430000000000007,0.887898275358085
2026-02-11,274.695,280.18,274.45,275.5,51931283.0,5.730000000000018,2.079854809437393
2026-02-12,275.59,275.72,260.18,261.73,81077229.0,15.54000000000002,5.937416421503084
2026-02-13,262.01,262.23,255.45,255.78,56290673.0,6.78000000000003,2.6507154585972437
2026-02-17,258.05,266.29,255.54,263.88,58469094.0,10.750000000000028,4.073821433985156
2026-02-18,263.6,266.82,262.45,264.35,34203337.0,4.3700000000000045,1.6531114053338392
2026-02-19,262.6,264.48,260.05,260.58,30845294.0,4.430000000000007,1.7000537263028654
2026-02-20,258.97,264.75,258.16,264.58,42070499.0,6.589999999999975,2.4907400408194027
2026-02-23,263.49,269.43,263.381,266.18,37308155.0,6.049000000000035,2.272522353294776
2026-02-24,267.86,274.89,267.71,272.14,47014619.0,7.180000000000007,2.6383479091644033
2026-02-25,271.78,274.94,271.05,274.23,33714342.0,3.8899999999999864,1.418517302993832
2026-02-26,274.945,276.11,270.795,272.95,32345114.0,5.314999999999998,1.9472430848140678
2026-02-27,272.81,272.81,262.89,264.18,72366505.0,9.920000000000016,3.755015519721408
2026-03-02,262.41,266.53,260.2,264.72,41827946.0,6.329999999999984,2.3912058023572014
2026-03-03,263.48,265.56,260.13,263.75,38568921.0,5.430000000000007,2.058767772511851
2026-03-04,264.65,266.15,261.42,262.52,39803119.0,4.729999999999961,1.8017674843821279
2026-03-05,260.79,261.555,257.25,260.29,49658626.0,4.305000000000007,1.6539244688616568
2026-03-06,258.63,258.77,254.37,257.46,41120042.0,4.399999999999977,1.709003340324702
2026-03-09,255.69,261.15,253.6805,259.88,38218533.0,7.469499999999982,2.8742111743881726
2026-03-10,257.645,262.48,256.95,260.83,30590765.0,5.53000000000003,2.1201548901583522
2026-03-11,261.09,262.13,259.55,260.81,26218927.0,2.579999999999984,0.9892258732410506
2026-03-12,258.66,258.95,254.18,255.76,40794020.0,4.769999999999982,1.8650297153581412
2026-03-13,255.48,256.33,249.52,250.12,36929988.0,6.809999999999974,2.7226931073084817
